[
  {"name": "New York, NY, USA", "country": "US", "lat": 40.712776, "lon": -74.005974},
  {"name": "Los Angeles, CA, USA", "country": "US", "lat": 34.052235, "lon": -118.243683},
  {"name": "Chicago, IL, USA", "country": "US", "lat": 41.878113, "lon": -87.629799},
  {"name": "Houston, TX, USA", "country": "US", "lat": 29.760427, "lon": -95.369804},
  {"name": "Phoenix, AZ, USA", "country": "US", "lat": 33.448376, "lon": -112.074036},
  {"name": "Philadelphia, PA, USA", "country": "US", "lat": 39.952583, "lon": -75.165222},
  {"name": "San Antonio, TX, USA", "country": "US", "lat": 29.424122, "lon": -98.493629},
  {"name": "San Diego, CA, USA", "country": "US", "lat": 32.715736, "lon": -117.161087},
  {"name": "Dallas, TX, USA", "country": "US", "lat": 32.776665, "lon": -96.796989},
  {"name": "San Jose, CA, USA", "country": "US", "lat": 37.338207, "lon": -121.886330},
  {"name": "Austin, TX, USA", "country": "US", "lat": 30.267153, "lon": -97.743057},
  {"name": "Jacksonville, FL, USA", "country": "US", "lat": 30.332184, "lon": -81.655651},
  {"name": "Fort Worth, TX, USA", "country": "US", "lat": 32.755489, "lon": -97.330765},
  {"name": "Columbus, OH, USA", "country": "US", "lat": 39.961176, "lon": -82.998794},
  {"name": "Charlotte, NC, USA", "country": "US", "lat": 35.227085, "lon": -80.843124},
  {"name": "San Francisco, CA, USA", "country": "US", "lat": 37.774929, "lon": -122.419418},
  {"name": "Indianapolis, IN, USA", "country": "US", "lat": 39.768402, "lon": -86.158066},
  {"name": "Seattle, WA, USA", "country": "US", "lat": 47.606209, "lon": -122.332069},
  {"name": "Denver, CO, USA", "country": "US", "lat": 39.739236, "lon": -104.990251},
  {"name": "Washington, DC, USA", "country": "US", "lat": 38.907192, "lon": -77.036873},
  {"name": "Boston, MA, USA", "country": "US", "lat": 42.360082, "lon": -71.058880},
  {"name": "El Paso, TX, USA", "country": "US", "lat": 31.761877, "lon": -106.485023},
  {"name": "Nashville, TN, USA", "country": "US", "lat": 36.162664, "lon": -86.781602},
  {"name": "Detroit, MI, USA", "country": "US", "lat": 42.331427, "lon": -83.045754},
  {"name": "Oklahoma City, OK, USA", "country": "US", "lat": 35.467560, "lon": -97.516426},
  {"name": "Portland, OR, USA", "country": "US", "lat": 45.505106, "lon": -122.675026},
  {"name": "Las Vegas, NV, USA", "country": "US", "lat": 36.169941, "lon": -115.139832},
  {"name": "Memphis, TN, USA", "country": "US", "lat": 35.149532, "lon": -90.048981},
  {"name": "Louisville, KY, USA", "country": "US", "lat": 38.252666, "lon": -85.758453},
  {"name": "Baltimore, MD, USA", "country": "US", "lat": 39.290386, "lon": -76.612190},
  {"name": "Milwaukee, WI, USA", "country": "US", "lat": 43.038902, "lon": -87.906471},
  {"name": "Albuquerque, NM, USA", "country": "US", "lat": 35.084385, "lon": -106.650421},
  {"name": "Tucson, AZ, USA", "country": "US", "lat": 32.222607, "lon": -110.974711},
  {"name": "Fresno, CA, USA", "country": "US", "lat": 36.737797, "lon": -119.787125},
  {"name": "Sacramento, CA, USA", "country": "US", "lat": 38.581573, "lon": -121.494400},
  {"name": "Mesa, AZ, USA", "country": "US", "lat": 33.415184, "lon": -111.831472},
  {"name": "Kansas City, MO, USA", "country": "US", "lat": 39.099727, "lon": -94.578567},
  {"name": "Atlanta, GA, USA", "country": "US", "lat": 33.749001, "lon": -84.387978},
  {"name": "Omaha, NE, USA", "country": "US", "lat": 41.256538, "lon": -95.934502},
  {"name": "Raleigh, NC, USA", "country": "US", "lat": 35.779591, "lon": -78.638176},
  {"name": "Miami, FL, USA", "country": "US", "lat": 25.761681, "lon": -80.191788},
  {"name": "Long Beach, CA, USA", "country": "US", "lat": 33.770050, "lon": -118.193741},
  {"name": "Virginia Beach, VA, USA", "country": "US", "lat": 36.852926, "lon": -75.977982},
  {"name": "Oakland, CA, USA", "country": "US", "lat": 37.804363, "lon": -122.271111},
  {"name": "Minneapolis, MN, USA", "country": "US", "lat": 44.977753, "lon": -93.265011},
  {"name": "Tulsa, OK, USA", "country": "US", "lat": 36.153982, "lon": -95.992775},
  {"name": "Arlington, TX, USA", "country": "US", "lat": 32.735687, "lon": -97.108063},
  {"name": "New Orleans, LA, USA", "country": "US", "lat": 29.951065, "lon": -90.071533},
  {"name": "Wichita, KS, USA", "country": "US", "lat": 37.687176, "lon": -97.330052},
  {"name": "Cleveland, OH, USA", "country": "US", "lat": 41.499321, "lon": -81.694359},
  {"name": "Tampa, FL, USA", "country": "US", "lat": 27.950575, "lon": -82.457176},
  {"name": "Bakersfield, CA, USA", "country": "US", "lat": 35.373292, "lon": -119.018713},
  {"name": "Aurora, CO, USA", "country": "US", "lat": 39.729432, "lon": -104.831917},
  {"name": "Honolulu, HI, USA", "country": "US", "lat": 21.306944, "lon": -157.858337},
  {"name": "Anaheim, CA, USA", "country": "US", "lat": 33.836593, "lon": -117.914301},
  {"name": "Santa Ana, CA, USA", "country": "US", "lat": 33.745472, "lon": -117.867653},
  {"name": "Corpus Christi, TX, USA", "country": "US", "lat": 27.800583, "lon": -97.396378},
  {"name": "Riverside, CA, USA", "country": "US", "lat": 33.980601, "lon": -117.375496},
  {"name": "Lexington, KY, USA", "country": "US", "lat": 38.040583, "lon": -84.503716},
  {"name": "St. Louis, MO, USA", "country": "US", "lat": 38.627003, "lon": -90.199402},
  {"name": "Stockton, CA, USA", "country": "US", "lat": 37.957701, "lon": -121.290780},
  {"name": "Pittsburgh, PA, USA", "country": "US", "lat": 40.440624, "lon": -79.995888},
  {"name": "St. Paul, MN, USA", "country": "US", "lat": 44.953703, "lon": -93.089958},
  {"name": "Cincinnati, OH, USA", "country": "US", "lat": 39.103119, "lon": -84.512016},
  {"name": "Anchorage, AK, USA", "country": "US", "lat": 61.218056, "lon": -149.900284},
  {"name": "Henderson, NV, USA", "country": "US", "lat": 36.039524, "lon": -114.981721},
  {"name": "Greensboro, NC, USA", "country": "US", "lat": 36.072635, "lon": -79.791977},
  {"name": "Plano, TX, USA", "country": "US", "lat": 33.019843, "lon": -96.698886},
  {"name": "Lincoln, NE, USA", "country": "US", "lat": 40.813618, "lon": -96.702595},
  {"name": "Orlando, FL, USA", "country": "US", "lat": 28.538336, "lon": -81.379234},
  {"name": "Irvine, CA, USA", "country": "US", "lat": 33.684567, "lon": -117.826505},

  {"name": "Toronto, ON, Canada", "country": "CA", "lat": 43.653225, "lon": -79.383186},
  {"name": "Montreal, QC, Canada", "country": "CA", "lat": 45.501689, "lon": -73.567256},
  {"name": "Calgary, AB, Canada", "country": "CA", "lat": 51.044733, "lon": -114.071883},
  {"name": "Ottawa, ON, Canada", "country": "CA", "lat": 45.421530, "lon": -75.697193},
  {"name": "Edmonton, AB, Canada", "country": "CA", "lat": 53.546124, "lon": -113.493823},
  {"name": "Winnipeg, MB, Canada", "country": "CA", "lat": 49.895136, "lon": -97.138374},
  {"name": "Vancouver, BC, Canada", "country": "CA", "lat": 49.282729, "lon": -123.120738},
  {"name": "Quebec City, QC, Canada", "country": "CA", "lat": 46.813878, "lon": -71.207981},
  {"name": "Hamilton, ON, Canada", "country": "CA", "lat": 43.255722, "lon": -79.871101},
  {"name": "Kitchener, ON, Canada", "country": "CA", "lat": 43.451639, "lon": -80.492533},
  {"name": "London, ON, Canada", "country": "CA", "lat": 42.984923, "lon": -81.245277},
  {"name": "Halifax, NS, Canada", "country": "CA", "lat": 44.648618, "lon": -63.585948},
  {"name": "Victoria, BC, Canada", "country": "CA", "lat": 48.428421, "lon": -123.365646},

  {"name": "Mexico City, CDMX, Mexico", "country": "MX", "lat": 19.432608, "lon": -99.133209},
  {"name": "Guadalajara, JAL, Mexico", "country": "MX", "lat": 20.659698, "lon": -103.349609},
  {"name": "Monterrey, NLE, Mexico", "country": "MX", "lat": 25.686614, "lon": -100.316113},
  {"name": "Puebla, PUE, Mexico", "country": "MX", "lat": 19.041296, "lon": -98.206199},
  {"name": "Tijuana, BCN, Mexico", "country": "MX", "lat": 32.514947, "lon": -117.038247},
  {"name": "Cancun, ROO, Mexico", "country": "MX", "lat": 21.161908, "lon": -86.851527},
  {"name": "Mérida, YUC, Mexico", "country": "MX", "lat": 20.967370, "lon": -89.592586},
  {"name": "León, GTO, Mexico", "country": "MX", "lat": 21.122162, "lon": -101.680450}
]
